GERMAN,ENGLISH
Stattdessen,"Instead  Stattdessen bemerkte er so beiläufig, wie er nur konnte: »Ihr Sohn - er wäre ungefähr in Dudleys Alter, oder?«"
verletzt,"injured  Ich bin verletzt, ich blute. Verbandszeug!"
versprechen,"to promise  Heut mach ich eine Ladung, versprochen"
Herbst,Autumn  Der Herbst hat so viele andere schöne Farben zu bieten
reagieren,"React, respond  Und keiner reagiert"
stellen sie sich das nur vor,just imagine that
kaum,"barely, hardly"
Er hat sie in die Tüte geschmissen,He threw them in the bag
Wieso hat sie mir verschwiegen?,Why did she keep it from me?
"Sie denkt, ich habe was dagegen stimmt's?","She thinks I'll disapprove, right?"
Wieso guckst du denn auf einmal so seltsam?,Why are you looking at me like that?
Du hast ihn wirklich eingeladen?,You really invited him?
Ich bitte die Anwesenden um Ruhe,I ask those present to remain quiet
"Deshalb werd ich Ihnen jetzt etwas sagen, und ich sage es nur ein Mal:","So I'm going to tell you something now, and I'll only say it once:   Deshalb - For this reason..."
Er greift an die Mütze,He's adjusting the cap
Er kämpft gegen den Drang,He's fighting the urge
Was soll denn der Blödsinn?,What is this nonsense? What are you talking about?
"Ist euch klar, dass ihr einen krieg verherrlicht, den wir angezettelt haben?",Do you realize that you are glorifying a war that we started?  verherrlicht - glorifying
"Sehr kalt und grau wie eine fette, tote Taube","Very cold and grey like a fat, dead pigeon"
Ist das ein ernsthafter Vorschlag?,Is this a serious suggestion?
du wirst es überstehen. Da bin ich mir absolut sicher,you will get through it. I am absolutely sure of that
"Wenn sie nicht hin will, dann weil du sie beeinflusst hast.","If she doesn't want to go, it's because you influenced her."
"Ich kann nichts dafür, dass Rory was gegen solche Dinge hat",It's not my fault that Rory is against such things  Rory's disdain of formals is totally her own
Also hast du gar keinen Vergleichswert,So you've nothing to compare it to.
Verlass dich drauf: Es ist sicher stickig und langweilig und die Musik total ätzend,Trust me. I'll hate it. It'll be stuffy and boring and the music will suck(the music is totally awful)
"Hältst du dich so zurück, weil dich das alles nicht interessiert, oder bist du einfach zu schüchtern?","Are you holding back because you're not interested in all this, or are you just too shy?"
Ich muss hier draußen Lippen lesen,I'm reading lips out here
Die dosen mit den grünen Bohnen müssen einsortiert werden.,I've to put the new green-bean shipment on the shelves  The cans of green beans need to be sorted.
Was müsste ich da anziehen?,What should I wear?
Schluck eins davon. Die machen auf sanfte Art die Muskeln locker.,Take one of these. They gently relax your muscles.  Take this one. It's a muscle relaxer
Damit sie aussieht wie eine Vogelscheuche und alle auf sie zeigen.,So she looks like a scarecrow and everyone points at her.  So she'll look really ugly and people will point.
Ich muss dir ein Geständnis machen.,I have a confession to make to you.  I'll confess something to you
Tut's wieder weh?,Does it hurt again?
Du bekommst etwas Kostbares geschenkt und tauschst es gegen eine lacherliche und geschmacklose Bar-Dekoration ein?,You receive something valuable as a gift and exchange it for a ridiculous and tasteless bar decoration?
Aber dann ist ja die ganze Spannung weg,But doesn't that kind of take the fun out of it?  But then all the tension is gone
"Tut mir leid, dass es ungünstig ist, aber die Welt dreht dich nicht nur um dich.","Sorry it's inconvenient, but the world doesn't always revolve around you."
danke für den hinweis,thanks for the tip
Dass du dich doch ganz schön kindisch aufführst,That you are behaving quite childishly
Ich möchte mich wegen neulich entschuldigen,I would like to apologize for the other day
Welche gefiel ihnen am besten?,Which one did you like best?
Du hast den Hamster ausgesetzt?,You abandoned the hamster?
"Das wäre unfair gegenüber den Schülern, deren Mutter mich heute nicht besuchen",That would be unfair to the students whose mothers are not visiting me today
Ich danke dir für diesen guten rat,Thank you for this good advice
Er hat mir ein Buch geliehen,He lent me a book
Wir müssen schnellstens einkaufen gehen,We have to go shopping as soon as possible
Das hier ist irgendwie peinlich,This is kind of embarrassing
Passen die überhaupt noch?,Do they even fit anymore?
Ich würde es nicht vernarrt nennen,I wouldn't call it obsessed
Du willst dich von mir trennen,You want to break up with me
Ich habe für ihn gegen unsere Regeln verstoßen,I broke our rules for him
"Aber manchmal verblüfft es doch, wozu du fähig bist",But sometimes it's amazing what you're capable of
Ich muss etwa 6000 seiten an Fakten auswendig lernen,I have to memorize about 6000 pages of facts
Den Schlüssel hab ich noch.,I still have the key.
"Habt ihr den Eindruck, ich bin verrückt?",Do you think I'm crazy?
"Nun wir haben mehr Gäste hier, als Zimmer zur Verfügung stehen.",Now we have more guests here than rooms available.
wie zum Geier haben die das dann übersetzt?,how the hell did they translate that?
Sie haben alle den gleichen Busch,They all have the same bush
das hat natürlich dramaturgische Zwecke,this of course has dramaturgical purposes
Aufmerksamkeit auf sich zu ziehen,to attract attention
eingewickelt in ein Küchenhandtuch,wrapped in a kitchen towel
"das sind die einzigen Verwandten, die er noch hat",these are the only relatives he has left
Warum soll ich überhaupt meine liebevoll gehorteten Klamotten weggeben?,Why should I give away my lovingly hoarded clothes?
wir müssen uns was überlegen,we have to think about something
ist das nicht recht weit weg?,Isn't that quite far away?
und die Oper ist keine Lüge?,and the opera is not a lie?
Weit genug weg von der Wahrheit dass es klappen könnte,It's far enough from the truth that it might work
was trägst du da?,What are you wearing?
"Die stadt will hier eine alte, verfallene Brücke wieder aufbauen.","The city wants to rebuild an old, falling apart bridge here."
Wieso bist du so neugierig?,Why are you so curious?
"Unvorstellbar, dass meine Mom mit mir in ein Konzert geht.",It's unimaginable that my mom would go to a concert with me.
So werden wir doch nie fertig.,We'll never get it done like this.
"diese Plätze sind das Allerletzte, finde ich.","These places(seats) are the absolute worst, in my opinion."
Aber hübsch auf welche Art?,But pretty in what way?
er hat's auch nicht gerade sehr leicht im Leben.,He doesn't have it easy in life either.
Weg mit den Bechern und Abflug.,Put the cups down and off we go.  (away with the cups and off we go)
Ich freu mich schon auf eure Eltern.,I'm looking forward to meeting your parents.
Ich habe den Wecker gestellt.,I set the alarm.
Ihnen hatte was zustoßen können,Something could have happened to them
Vermutlich erblindest du nur.,You'll probably just go blind.
"Das ist doch nicht die einzige Wahl, oder?","That's not the only choice, is it?"
"Zu dem Thema könnt ich ja noch einiges anmerken, aber dann verpass ich den Bus.","I could say a lot more on this topic, but then I'd miss the bus."
"das ist die 2. Nacht, die wir beide getrennt verbringen.",This is the second night that we are spending apart.
Diese Vorstellung scheint dir zu gefallen.,You seem to like this idea.
Wir wollen dir Wandfarbe aussuchen.,We're picking out paint colors.
"Genieß einfach die Zeit, die du mit ihm hast, ok?","Just enjoy the time you have with him, okay?"
ich bin auf dem besten Weg zum Erfolg.,I am well on my way to success.
Sie wirft sich vor einen Zug.,She throws herself in front of a train.
"Ich will sautieren, schnippeln, am Herd zaubern.","I want to sauté, chop, and create magic in the stove.  sauté: fried quickly in a little hot fat."
Vielleicht verdirbt dir das die Laune.,Maybe this will spoil your mood.  Maybe that's why you're cranky.
"Ich hab eine Bitte, auch wenn es dir gegen den Strich geht.","I have a request, even if it goes against the grain for you.  I'm going to ask you to do something you don't wanna."
"Ich fürchte, die Welt geht bald unter.",I fear the world is about to end.
Setzt euch wenigstens Haarnetze auf.,At least wear hairnets.
Wieso denn so heiter?,Why so cheerful?
Du hast so viel Hass und Ekel in dir.,You have so much hate and loathing in you.  You're full of hate and loathing.
Ich hab den Auftrag beendet.,I have completed the assignment.
Wir haben Schluss gemacht,We broke up
"Er sagte, er bringt meine blauen Augen zur Geltung.","He said, it brought out the blue in my eyes.  He said it brings out my blue eyes."
Er sitzt unschuldig rum und muss sich von jedem anfassen lassen.,He sits around innocently and has to let everyone touch him.
"Wenn du das verdrängst und Listen schreibst, wird dir das nicht helfen.","If you suppress it and make lists, it won't help you."
Ich bewundere deine Einstellung.,I admire your attitude.
"Es war auch ziemlich schwierig, ihn dazu zu überreden",It wasn't easy to get him to agree to it.  It was also quite difficult to persuade him
Ihr beide seid ja heute so schweigsam.,You two are so quiet today.
Ihr wirkt so merkwürdig.,You seem so strange.
"Also, zumindest war es doch einen Versuch wert, darüber zu reden.","Don't you think it is worth to at least talk about it?  Well, at least it was worth trying to talk about it."
"Wenn Sie nicht rutschen, kann ich nichts richten.","If you don't slide, I can't fix it.  (move)"
"Ich habe geheult, weil ich fertig war und ich mich nicht ausgeheult hatte.",I cried because I was confused and because I hadn't cried.  I cried because I was exhausted and I hadn't cried myself out.
"Es interessiert mich nicht, ob es euch was ausmacht.",I don't care about whether you mind or not. I don't care if it bothers you.
"Du hast es auch festgestellt, dass wir mehr zu einer Freundschaft taugen.",You have also realized that we are more suited to being friends.
bestell doch noch einen Kaffee,order another coffee
Sucht ihr irgendwas?,Are you looking for something?
Sie hat schon zwei Anwärter verschmäht,She has already rejected two candidates
"Bei euch ist nach meiner Erfahrung die sicherste Antwort ""nein"".","In my experience, the safest answer for you is ""no""."
ist es gerade ungünstig?,is it currently inconvenient?  Is this a bad time?
Ich habe den Laden nicht gemieden.,I didn't avoid the store.
"Die Arbeiter kriegen zu wenig Geld, alles ist überteuert","The workers get too little money, everything is overpriced"
Wir verstoßen gegen die Abmachung.,We are violating the agreement.
"Als ich vorhin in den Spiegel blickte, dachte ich: ""Ja. Echt eine große Verbesserung.""","When I looked in the mirror earlier, I thought, ""Yes. That's a huge improvement."""
Und man kann alles umtauschen?,And you can exchange everything?  And you can return everything?
"Ich wollte dir einfach Zeit und Gelegenheit geben, dich zu fangen.",I just wanted to give you time and opportunity to catch yourself.  I just wanted to give you some space and a chance to come up for air.
"Verzeih, ich bin nur ein wenig verwirrt.","Sorry, I'm just a little confused."
"Sie hat nicht verdient, so behandelt zu werden.",She doesn't deserve to be treated like this.  She did not deserve to be treated that way.
Weil ich wütend auf ihn war und ihn anschreien wollte.,Because I was angry at him and wanted to yell at him.
Da wäre wieder ein Beispiel für einen Teufelskreis.,That would be another example of a vicious circle.
"ich hatte sie wohl wegwerfen sollen, aber ich konnte nicht.","I probably should have thrown it away, but I couldn't."
Weil er wohl darüber hinweg ist.,Because he's probably over it.
"Für gewöhnlich kommt er zwischen Mittag- und Abendessen hoch, aber in letzter Zeit ist er Irgendwo anders.","Usually he comes up between lunch and dinner, but lately he's been somewhere else."
"Leicht zu knacken, hab ich bewiesen.","Easy to crack, I've proven.  Easy to break, I proved that."
Kommen wir also nun zum Tagesordnungspunkt Verschiedenes.,I'd like to open the meeting up for miscellaneous issues.  So let us now come to the item on the agenda entitled Miscellaneous.
"Ich will, dass das Gesetz für Troubadoure angewendet wird.",I want the law to be applied to troubadours.  All I'm asking is that the town troubadour laws be enforced.
Was für eine Show ziehen Sie hier ab?,"What kind of show are you putting on here?  What is your scam, buddy?"
"Wenn einer ein Lied schreibt und es singt, kann er sagen, was er zu sagen hat","When someone writes a song and sings it, he can say what he has to say."
Du hast dich sicher bemüht,You have certainly tried
"Und du machst dir Feinde, wo du Freunde brauchtest.",And you make enemies where you needed friends.  I'ts about making enemies where you should've made friends.
Es ging also gar nicht um mich?,So it wasn't about me at all?  That had nothing to do with me?
Aber du warst im Irrtum mit einer andere Sache.,But you were wrong about another thing.
Ich schicke ihr eine Nachricht.,I send her a message.
"Weil ich nicht weiß, ob ich den Antrag annehmen soll.",Because I don't know whether I should accept the proposal.
Irgendwie ist mir das eingefallen,Somehow I thought of this
"Sie verraten dir nicht, wann?",They don't tell you when?
ich hab nur ein einfaches Flugticket.,I only have a one-way ticket.
Schleich dich nicht immer so von hinten an.,Don't always sneak up from behind like that.
Weil hier sonst noch jemand durch die Fensterscheibe gedruckt wird.,Because otherwise someone will be printed through the window pane.  Because otherwise someone is about to be pushed through that window.
"Aufregend. Hab ich gehört. Ich mach Sprünge, wenn nötig.",Exciting. I heard so. I'll make jumps if necessary.
das hab ich geahnt.,I suspected that.  I figured
"Du machst so einen Wind darum, mir das zu verklickern.",You're making such a fuss about trying to explain this to me.  You're making a big deal about telling me he proposed.
Meine Eltern haben so was nie getan.,My parents never did anything like that.
Ich bin geheimnisvoll. So sind wir Frauen.,I am mysterious. That's how we women are.
Danach bist du nie mehr derselbe.,"After that, you will never be the same again."
Wie ist das Verhältnis?,What is the ratio?
Die torten sind spitze.,The cakes are great.
"ich meinte, meine Familie betreibt das Geschäft schon so lange.","I meant, my family has been in the business for so long."
"Hör auf, sonst ziehe ich mein Angebot zurück.",Stop or I will withdraw my offer.
Kannst du den abräumen?,Can you clear that one?  (a table?)
"3 Zeitungen, in denen dasselbe steht.",3 newspapers saying the same thing.
"Ihre Essgewohnheiten sind nur ein Teil dessen, was gewöhnungsbedürftig ist.",Their eating habits are only part(just the start) of what you're gonna have to get used to.
Wie lange werden sie da noch rumstehen?,How long will they stand there?
Ich darf Ihre Aufmerksamkeit auf diesen Mast lenken.,Let me draw your attention to this mast.  mast = pole?
Du hast sie ja verziert.,You decorated it.  It's got carvings...
Wir waren schon ewig nicht unterwegs. Und das Wetter ist supper dafür.,We haven't been out and about for ages. And the weather is great for it.
Mecker nicht wegen der Kassetten.,Don't complain about the cassettes.
Was stand auf dem Schild?,What was on the sign?
Ich hab zurzeit wahnsinnig viel zu tun.,I have a lot to do at the moment.
Man fällt ja nicht gern aus dem Rahmen.,You don't like to stand out from the crowd.  You wouldn't want anything out of the normal.
Du hast unser Leben weggeworfen.,You threw our lives away.
"Weil wir ein paar Kisten verräumt haben, heißt das nicht, dass ich heirate.",Just because we cleared out a few boxes doesn't mean I'm getting married.
Was treiben Sie da eigentlich?,What are you actually doing there?
"Es funktioniert so, wie du wolltest, mit einer Ausnahme.","It works as you wanted, with one exception."
Warum versteckst du eine Karte?,Why are you hiding a map?
Ich will zeitig da sein.,I want to be there on time.
"Ich hab in diesem Jahr andere Fächer, die Wege sind anders","I have different subjects this year, the paths are different"
"Wenn er nicht aufgeht, brauche ich einen neuen.","If it doesn't open, I need a new one."
Weil ich dich sonst da runterstecke.,Because otherwise I'll put you down there.
denn sie werden von der Gesellschaft ausgestoßen,because they are excluded from society
Sie wird nicht mit ihm fertig und schickt ihn her.,She can't handle him and sends him here.
"Doch anstatt sich der Sache zu stellen, gibt sie auf.","But instead of facing the problem, she gives up."
Und was für Schwierigkeiten hat er?,And what kind of trouble has he gotten into?   And what kind of difficulties does he have?
Können wir uns darauf einigen und alles andere vergessen?,Can we agree on that and forget everything else?
"Aber wenn du dir dafür zu fein bist, kannst du bis zur nachsten Ausgabe warten.","But if you're too fancy for that, you can wait until the next issue."
so jemand ist mir noch nie begegnet,I have never met anyone like that
Ich sah ihn im Flur und bin umgekehrt.,I saw him in the hallway and turned around.
"aber nur teilweise, denn sie ist sehr viel bodenständiger.","but only partially, because she is much more down to earth."
Du solltest schnell einen Termin mit Medina ausmachen.,You should make an appointment with Medina quickly.
Gerade du müsstest doch besonders ausführlich über ihn berichten können.,"You, of all people, should be able to report on him in great detail."
Willst du wegen eures blöden Streites auf Kirschkuchen verzichten?,Do you want to give up cherry pie because of your stupid argument?
"Hör auf, mich anzulabern, mich zu verfolgen, mir Fragen zu stellen.","Stop talking to me, following me, asking me questions."
"Bitte sag mir, du gingst nicht rüber.",Please tell me you didn't go over.
"Wenn ihr das nun so am Herzen liegt und es mir nichts ausmacht, warum nicht?","If it's so important to her and I don't mind, why not?"
"Es dauert. Ich verwechselte es mit Schlafen, dann schallte ich es.","It takes time. I confused it with sleeping, then I figured it out."
Hat Luke Werbung gemacht?,Did Luke advertise?
"Komisch, ihn so plaudern zu sehen.",It's so weird to see him chatting like that.
Das Auto springt nicht an.,The car won't start.
Beim Start macht es ein übles Geräusch.,It makes a horrible noise when starting.
Du wirst von dem Gewicht nach hinten über kippen.,The weight will cause you to fall backwards.
Und worum geht es?,And what is it about?
Ihrer Akte zufolge sind Sie geradezu fanatisch pünktlich.,"According to your file, you are fanatically punctual."
"Er ist besorgt. Nachdem ich Sie beobachtete, bin ich es auch.","He is worried. After watching you, I am too."
Außerhalb des Unterrichts selten.,Rarely outside of class.
"Sollten Sie nichts tun, wirkt sich das auf Ihre Zukunft aus.","If you do nothing, it will affect your future."
"Was dagegen, wenn ich mich aufdränge, obwohl ich lieber was anderes tate?",What if I force myself on someone when I would rather be doing something else?  Do you mind if I impose on you when I'd rather be doing something else?
Gerade hab ich euer Gespräch mit angehört.,I just heard your conversation.
"Ich erzog sie dazu, zu tun, was sie will, solange sie keinem schadet.",I raised her to do what she wanted as long as she didn't hurt anyone.
Ich Besuch hat mich sehr gefreut.,I was very pleased to have the visit.
Ich beteilige mich nicht an Aktivitäten.,I do not participate in activities.
Man konnte wenigstens die Saal-Deko aufpeppen.,At least the hall decoration could be spruced up.  Or at least assigned a new color schemel.
Man muss aufgefordert werden.,You have to be asked.  You have to be invited.
"Wenn sie sich aus allem raushält, hat sie das von dir.","If she stays out of everything, she gets that from you.  If she's not involved with school, she learned it from you."
"so siehst du aus, wenn du gerade aufgewacht bist?",This is what you look like when you just woke up?
Die Unterhaltung schien mir ziemlich vertraulich zu sein.,The conversation seemed quite confidential(private) to me.
"Und in gewisser Weise ist dieses Haus das Einzige, was ich an Familie noch habe.","And in a way, this house is the only family I have left."
Warum sollte ich mich denn beruhigen?,Why should I calm down?
Vor meinem Geschäft ist ein Verbrechen verübt worden.,A crime was committed in front of my store.
"Haben ein schlechtes Gewissen, weil wir alle Schönheit beanspruchen.",Monopolizing the amount off beauty we're in possession of.  Feeling guilty because we all claim beauty.  schlechtes Gewissen = guilty conscience
Hier hat sich gar nichts verändert.,Nothing has changed here.
"Aber ich warne dich, einige Leute werden darüber sehr verärgert sein","But I warn you, some people will be very upset about this"
du sollst mich doch nicht immer so erschrecken.,You shouldn't always scare me like that.
"Zusammenfassend kann festgestellt werden, dass Einigkeit herrscht.","In summary, it can be stated that there is agreement."
"Aber das ist was, was wir unbedingt machen müssen.",But this is something we absolutely have to do.
Aber wir sind alles andere als kühl und sachlich.,But we are anything but cool and matter-of-fact.  But we're all so not detached.
Deswegen gibt's eine Versammlung.,That's why there is a meeting.
Dich kümmert es ein feuchten Dreck.,You don't give a damn.  You don't care about any of this
"Was tut man, um das Gefühl in den Griff zu kriegen?",What do you do to get the feeling under control?  What does everybody else do to get through this?
Aber da fehlt doch der Absender.,But the sender is missing.  But there's not a return address.
"Ich dachte, du hast dich inzwischen daran gewöhnt.",I thought you'd gotten used to it by now.
Ich würde mich gern dafür revanchieren.,I would like to return the favor.  I gotta pay you back somehow.
"Aber wenn du dich irgendwann Zeit hast, dann ruf mich an.","But if you have time at some point, give me a call."
Hier behindert jemand ihre Aufgabe als Regisseurin durch ihre Gefühle.,Here someone is hindering her job as a director with her emotions.  someone is letting her personal feelings interfere with her leadership.
Hast du keine Verwendung für ihn?,Don't you have any use for it?
aber blickst du auch nach vorn?,but are you also looking forward?  but are you moving on?
insgesamt war es gar nicht schlecht.,overall it wasn't bad at all.
"Keine, die je mit dir zusammen war, wurde noch mit dir arbeiten.",No one who was ever with you would ever work with you.
Es verleiht ihr ein besonderen Ausdruck.,It gives it a special expression.
"Er glaubt immer gleich, man wolle ihn kranken.",He always thinks that people want to make him sick.
"Ich wollte es abbrechen, er greift mich an.","I wanted to break it off, he attacked me.  (a fight)"
"Dachte, zwischen uns läuft was, nach der Sache im Vorratsschrank.",Thought there was something going on between us after that incident in the pantry.
"da du schon fragst und übrigens, ich will nicht angeben oder so.","since you asked and by the way, I don't want to brag or anything."
"Warum sagst du nicht, was du gekriegt hast?",Why don't you say what you got?
Du verbreitest sie überall.,You spread it everywhere.
"Du wirst mit fehlen, wenn ich dich einen Mädchenhändler verkaufe.",You will be missed if I sell you to a trafficker.
"Du hättest ihn fangen können, dann wäre die Aufforderung nicht umsonst gewesen.","You could have caught him, then the request would not have been in vain."
Weil jedes Wort zurzeit eine sehr gefährliche Sache ist.,Because every word is a very dangerous thing at the moment.
Im Grunde wurdest du mir das Geld erstmal vorschießen?,"Basically, you would advance me the money first?"
"Ein vorübergehender Austausch von Geld für geleistete Dienste, das umhin an mich zaruckgezahlt wurde, wenn du soweit.","A temporary exchange of money for services rendered, which would be returned to me when you were ready."
Sie bekommen nirgendwo ein Darlehen.,You can't get a loan anywhere.
Dies ist der geschätzte Wert des Hauses?,This is the estimated value of the house?
Setzt euch an den Kamin,Sit by the fireplace
Aber danach ist unwiderruflich Schluss.,But after that it is irrevocably over.
Nur Unwissenden ist Genuss vergönnt,Only the ignorant are granted pleasure
"Erst gestern hat deine Mutter eine Vase verrückt, die in der Diele.",Just yesterday your mother moved a vase in the hallway.
Zurzeit ist alles irgendwie sehr eigenartig.,Everything is somehow very strange at the moment.
Nicht nur dir liegt was daran.,It's not just you who cares.
Man muss seine Gegner ohne Rücksicht auf Verluste ausstechen.,You have to outdo your opponents regardless of the consequences.
"Sie haben sich gestritten, mit Tellern geworfen, geflucht.","They argued, threw plates, curse."
Krabbelt da was durch meine Haare?,Is something crawling through my hair?
"Mich unters Volk mischen, unauffällig beobachten.",Blend in with the crowd and observe inconspicuously.
Ein unschuldiger Knabe wie ich sollte nicht in so einer Umgebung aufwaschen.,An innocent boy like me should not be raised in such an environment.
"Wieso lassen wir zu, dass unsere Kinder solchen Dreck sehen?",Why do we allow our children to see such filth?
"Er sollte bloß weiter oben stehen, nicht versteckt hinter so einiem Vorhang.","It should just be higher up, not hidden behind a curtain."
"Ich hab beschlossen, mich für John aufsparen.",I decided to save myself for John.
Ich wollte ihr wurdet euch vertragen.,I wish you would get along.  I wish you would tolerate him I wish he would tolerate you (?)
"Warum soll das aufhören, wenn wir zusammen leben?",Why should this stop if we live together?
und nur du kannst mich vor doppelter Armseligkeit retten.,and only you can save me from double misery.
"Nach den Regeln geht der Korb an den, der am meinsten bietet.","According to the rules, the basket goes to the person who bids the most."
"Du beurteilst ihn nach dem 1 Mal, als er hier war.",You judge him based on the one time he was here.
Paris fütterte mich mit Fakten.,Paris fed me facts.
Ich bin heiß auf Neuigkeiten. Erzähl das Wichtigste.,I'm hungry for news. Tell me the most important things.
"Du errätst bestimmt nicht, warum ich hier aufkreuze.",You probably won't guess why I'm here.
Du hast was zwischen den Zähnen,You have something between your teeth
Endlich lernt ihr euch mal kennen.,Finally you get to know each other.
Ich bin ehrlich begeistert. Er redet in einer Tour von dir.,I'm honestly excited. He talks about you all the time.
"Aber vielleicht bringst du es gleich hinter dich, scheint unvermeidlich.","But maybe you'll get it over with right now, it seems inevitable.  It might be good it out of the way couse it seems inevitable."
"Du müsstest es mitkriegen, sobald wir auftauchten.",You should know as soon as we showed up.  you were gonna find out she was with me
habe ich ganze 4 Tage in einem Konferenzraum am Flughafen verbracht.,I spent four whole days in a conference room at the airport.
"Ich hab mir mal vorgestellt, dass wir 3 zusammen leben",I once imagined that the three of us would live together
"Ich wäre fast vom Dach gestürzt, als ich die Rinnen reinigte.",I almost fell off the roof while cleaning the gutters.
"Wie kommst du darauf, dass du mir was bedeutest?",What makes you think I care about you?
Die Decke kommt runter. Die gäste haben Gips im Essen.,The ceiling is coming down. The guests have plaster in their food.
"Sie sagen, minimale Behinderung.","You said, minimial disruptions."
Erst müssen wir ihren Zweck entdecken,First we must discover their purpose  We gotta find out what they do first.
Ich hab ihn bei der Spendengala für die Sinfoniker ersteigert.,I bid on it at the fundraising gala for the symphony orchestra.
So nah fühlt man sich einem Hund selten.,You rarely feel this close to a dog.  It's closest you'll come to being a dog
"Da du mit solcher Begeisterung davon sprichst, würde ich es gern mit dir ausprobieren.","Since you speak about it with such enthusiasm, I would like to try it out with you."
Ich hab nichts dagegen,I have nothing against it
"Mein Dad hat ganz genau ausgerechnet, was eine Scheidung kosten wurde.",My dad calculated exactly how much a divorce would cost.
Und dieser Duft. Was ist das?,And that smell. What is it?
Wie kriegen die den so weich?,How do they get it so soft?
schwitzt du auch an den füßen?,Are your feet swating?  Do you also sweat on your feet?
Meine Mom ist verreist und ich hab das Haus so selten für mich.,My mom is away and I rarely have the house to myself.
"Wir gehen alles durch, ich frag dich ab und dann verschwindest du.","We'll go through everything, I'll ask you questions and then you'll disappear."
"Unter Druck bist du unerträglich, Meinst du ich soll jetzt wirklich gehen?",You're unbearable under pressure. Do you really think I should go now?
Weiter! Los! Raus da!,Go on! Get out of there!  Further! Go!
sollst du deiner Mutter am Rockzipfel hängen?,"Should you cling to your mother's apron strings?  ""Apron strings"" is an idiom that refers to a person being overly controlled or influenced by another person. It can also refer to the string used to fasten an apron"
Ich bleib sicher nicht als Einziger hier.,I'm sure I won't be the only one staying here.
Erinnern Sie sich an diesen Moment.,Remember this moment.
"Denn in späteren Jahren werden Sie danach beurteilt, was Sie heute wagen zu werden.",Because in later years you will be judged by what you dare to become today.
Aber dies ist keine Zeit für die Schwachen des Geistes!,But this is no time for the weak of spirit!  But this is not the time to concede to any mental weakness.
Sie werden sich als würdige Träger dieser Uniform erweisen.,You will prove yourself to be worthy wearers of this uniform.  You have the chance to earn the right to wear the uniforms you have been given.
Mögen Sie gern schmutzige Mädchen?,Do you like dirty girls?
Stecken Sie sich den Befehl in den Arsch,Stick the command up your ass  Take the orders and stick them up your arse.
"Die oberste Heeresleitung erwartet, dass Sie mindestens 6 Wochen überleben.",The army's top command expects you to survive for at least 6 weeks.
Dann sind trockene Stiefel ein gutes Gegenmittel.,Then dry boots are a good antidote.  Dry boots would be a good place to begin.
"Sollen wir alle ersaufen, Mann?","Should we all drown, man?"
Ich hab mir das irgendwie anders vorgestellt,I imagined it differently
"Wenn wir in dem Tempo weitermachen, erobern wir in 180 Jahren Frankreich.","If we continue at this pace, we will conquer France in 180 years.  If we keep up this pace, we won't have conquered France for 180 years."
"Lohnt es sich, dafür zu sterben?",Is it worth dying for?
Ich bin diese alberne Maschine leid.,I'm tired of this silly machine.
Hast du etwa mitgezählt?,Did you count?  You're keeping count?
"Ich tue mehr für dich, als jeder andere unter den Umständen erwarten könnte.",I will do more for you than anyone else could expect under the circumstances.
Die meisten denken nicht darüber nach.,Most people don't think about it.
Sie hat mich geschubst.,She pushed me.
Ich hätt mir den Hals brechen können.,I could have broken my neck.
Sie haben mich vorher lange im Regen stehen lassen.,They left me standing in the rain for a long time.
"Wir wollten eine nette, schlichte Feier.","We wanted a nice, simple celebration."
"Guck dir an, wie sehr er sich angestrengt hat.",Look at how hard he tried.
Wir haben bisher noch keinen Berater.,We don't have a consultant yet.  (advisor)
"Sorge gefälligst dafür, dass es läuft, sonst darfst du die Gruppe nicht leiten.","Please make sure that it runs smoothly, otherwise you will not be allowed to lead the group."
"Ihn um Hilfe zu bitten, regt ihn vielleicht auf.",Asking him for help may upset him.
Ich habe es ausgeschlagen.,I turned it down.  I declined.
"Der, der die Maschine so oft vollgequatscht hat, dass sie stöhnte.",The same person who's called so many times that I heard it sigh.  The one who talked to the machine so often that it groaned.
"Warum schaust du nicht mal vorbei, vielleicht Kannst du dir ein paar Dutzend Boxen leisten?","Why don't you stop by, maybe you can afford a few dozen boxes?"
"Ich schreibe dir diesen Brief, um dich wissen zu lassen, dass Pierres Laden jetzt Dunger verkauft!",I am writing you this letter to let you know that Pierre's store now sells fertilizer!
"Sich seinen Weg schmieden. Wenn du weiter Erze abbaust, solltest du einen Schmelzofen bauen können.","Forge your way. If you continue to mine ores, you should be able to build a smelting furnace."
"Es wäre eine nette Geste, dich jedem in der Stadt vorzustellen.",It would be a nice gesture to introduce yourself to everyone in town.
"Manche Leute sind eventuell etwas zurückhaltend, wenn es darum geht, den neuen Einwohner zu begrüßen.",Some people may be a little hesitant when it comes to greeting the new resident.
"Der Strand ist ein cooler Ort, Zeit zu verbringen und ein paar Sonnenstrahlen zu fangen.",The beach is a cool place to spend time and catch some sun rays.
"Hey, du! Schnüffel nicht im Wohnwagen rum, während ich weg bin. Kapiert?","Hey, you! Don't snoop around the trailer while I'm gone"
Er ist hauptsächlich mit Milch und Eistee gefüllt.,It is mainly filled with milk and iced tea.
"Sie können anstrengend sein, aber es ist schon, im Leben von anderen etwas zu bewirken","They can be exhausting, but it is nice to make a difference in the lives of others"
Mama hat mir von ihrer Schulzeit hier im Sternenleuchtturm erzählt.,Mom told me about her school days here at the Star Lighthouse.
"Du musst nur diesen Brief abgeben, dann kommst du in Olagari.",All you have to do is hand in this letter and you will get to Olagari.
"wird es Zeit, all den interessanten Kram zu lernen",it's time to learn all the interesting stuff
"Es ist eine ziemlich altmodische Weise, sich zu bewerben.",It's a pretty old-fashioned way to apply.
"Zumindest, hast du es nicht per Briefvogel verschickt. Jedenfalls...",At least you didn't send it by letter bird. Anyway...
Deine Mutter hatte dir nicht solche kindischen Flausen in den Kopf setzen sollen.,Your mother shouldn't have put such childish ideas into your head.
"Doch viele andere Lehrlinge sind auf ihren Besen von der Klippe gesprungen, meine Kleine.","But many other apprentices have jumped off the cliff on their brooms, my little one."
Der Besen meiner Familie ist zersplittert. Hoffentlich lässt er sich reparieren.,My family's broom is shattered. Hopefully it can be repaired.
Da vorne scheint ein Dorf zu sein. Vielleicht kann mir dort jemand helfen.,There seems to be a village up ahead. Maybe someone there can help me.
"Die insel steckt voller sammelbarer Schätze und Mysterien, die es zu entdecken gilt.",The island is full of collectible treasures and mysteries to discover.
"Du arme, das war wirklich ein tiefer Sturz","You poor thing, that was really a deep fall"
"Eigentlich bin ich Keramikerin, aber die Leute verlassen sich bei der Reparatur aller moglichen Dinge auf mich.","I'm actually a ceramicist, but people rely on me to repair all kinds of things."
Du kannst deinen Zustellplan frei einteilen. Du bist zeitlich flexibel.,You can freely organize your delivery schedule. You have flexible time.
Dein Verdienst wird an deiner Leistung bemessen.,Your earnings are measured by your performance.
Die Empfänger bewerten deinen Service einfach anhand von drei verschiedenfarbigen Stempeln.,Recipients simply rate your service using three different colored stamps.
Der Lieferschein enthält Detail zum Paket.,The delivery note contains details about the package.
"da du gerade hier bist, möchte ich dich bitten, eine Lieferung fur mich zu erledigen.","Since you are here, I would like to ask you to make a delivery for me."
Er scheint etwas zerstreut zu sein oder?,"He seems a bit distracted, doesn't he?"
"Er segelt nahe der Werft.. Geh hinauf, dann solltest du ihn sehen können.",He's sailing near the shipyard. Go up and you should be able to see him.
Sei vorsichtig! Es darf nicht nass werden!,Be careful! Don't let it get wet!
"Früher waren wir gemeinsam segeln, aber in seinem Alter ist das nicht mehr so einfach.","We used to go sailing together, but at his age it's not so easy anymore."
Siehst du die Zwillinge dort bei der Strandvilla?,Do you see the twins there at the beach villa?
"Das ist eine Chance, nichts weiter! Eine gute noch dazu, ich sorge mich um dich","This is a chance, nothing more! A good one at that, I care about you"
Es sind bereits drei Lieferungen gebucht.,Three deliveries have already been booked.
"Erzählst du mir, weswegen ihr euch neulich gefetzt habt?",Can you tell me what you guys had a fight about the other day?
"er ist nur sporadisch anwesend, sein Auftreten reich von gleichgültig bis feindselig.","He is only present sporadically, his demeanor ranging from indifferent to hostile."
"Wenn dieses Problem nicht sofort gelost wird, dann wiederholt er das Jahr.","If this problem is not solved immediately, he will repeat the year."
Lesen Sie es in Ruhe durch und entscheiden sie dann.,Read it carefully and then decide.
wir haben ganz fabelhafte Konditionen bei diesem Verleih.,we have fabulous conditions with this rental company.
"Eine große Auswahl, sie sind überaus freundlich.","A large selection, they are extremely friendly."
"Sie wurde nie was abschlagen, weil sie gern hilft.",She would never say no to anything because she likes to help.
Sie hatte nur mein formelles Angebot annehmen müssen.,She only had to accept my formal offer.
"ich darf mir nur nicht ins Gesicht hauen, wenn ich zurückziehe.",I just can't hit myself in the face when I pull back.
"Versuche ich, den Kopf freizukriegen, sickert all das mühevoll erlernte Wissen wieder raus.","When I try to clear my head, all the knowledge I have laboriously acquired will leak out again."
"Gut, es ist die Abschlussprüfung, dann muss ich nie mehr buffeln.","Well, it's the final exam, then I never have to study again."
"Durch den Verzicht auf gute Erziehung, eine Zukunft und all den Luxus.","By giving up a good education, a future and all the luxuries."
"Vielleicht irrst du und sie nehmen es locker, Das ist ewig her.","Maybe you're wrong and they're taking it easy, that was ages ago."
Ich danke euch vielmals für die Geduld.,Thank you very much for your patience.
"Hast du eine Ahnung, wie bedrückend das war?",Do you have any idea how depressing that was?  Do you know how much pressure I felt?
Eher in ganz allgemeiner Hinsicht oder doch aus einem bestimmten Grund?,In a very general sense or for a specific reason?
Es klingt beim 2. Mal schon viel fröhlicher.,It sounds much happier the second time around.
"DIe siehst aus, als würden die Voglein beim Anziehen helfen. Keiner hat Angst vor dir.",You look like the birds are helping you get dressed. Nobody is afraid of you.
Ein sehr gelungener Scherz!,A very successful joke!
Deswegen trägst du an dem diesjährigen Wecker Massaker ganz allein die Schuld.,"That's why you alone are to blame for this year's alarm clock massacre.  Therefore, you're currently responsible for the great alarm-clock slaughter, no survivors."
Ich versteck ein Geschenk in deinem Müsli.,I'm hiding a present in your cereal.
Das hab ich an den wahnsinnig dicken Haaren erkannt.,I noticed this because of his incredibly thick hair.  I could tell by his thick head of hair.
"Es gab Stress mit den Behörden, als du auf mich gewartet hast?",Was there trouble with the authorities while you were waiting for me?  You got in trouble with the government?
"Du hast gewartet, bis ich weg war, dann hast du mein Kissen geholt.","You waited until I left, then you got my pillow."
Schließ nicht immer von dir auf andere,Don’t always judge others based on yourself
"Ich hab oft gedacht, wurde er sein Leben auf die Reihe kriegen, reifer werden, vielleicht wurden mir es dann schaffen.","I often thought that if he got his life together and became more mature, then maybe I would be able to do the same."
dieser Streit vorhin zwischen uns das war alles nicht so gedacht.,"That argument between us earlier, it wasn't meant to be like that."
"das Hotel ist umgeben von etwas, was Natur heißt.",the hotel is surrounded by something called nature.
Mäuse gefährden die Gesundheit,Mice endanger health
"Immerhin hast du uns letzte Woche sitzen lassen, ohne ein Wort.","After all, you left us sitting last week without saying a word."
Unsere Wege haben sich beruflich und privat oft gekreuzt.,"Our paths have often crossed, both professionally and privately."
Wie lässt du ihn abblitzen?,How do you turn him down?  How will you let him down?
Ihr seid füreinander geschaffen.,You are made for each other.
"darfst du nicht aufgeben, nur weil eine kleine Komplikation.",You can't give up just because of a small complication.
"Es hinterlässt keinen guten Eindruck, wenn man gleich wieder aufgelegt.",It doesn't leave a good impression if you hang up straight away.
Zurzeit habe ich oft dunkle Vorahnungen.,"At the moment I often have dark premonitions.  Lately, I've been having these dark premonitions"
Langsam. Das Vieh kaut sehr lang.,Slowly. The animal chews for a very long time.
"Und es war unmöglich, vor dem wohl langsamsten Landlebewesen der Welt wegzulaufen?",And it was impossible to run away from what was probably the slowest land creature in the world?
Es ist kein großer Zeitaufwand,It does not take much time  It's totally time efficient. Es ist absolut zeiteffizient.
Du trägst eine Menge Verantwortung und das mit viel Stil.,You carry a lot of responsibility and do it with a lot of style.
Weil sie von dem Knoblauch erfuhren.,Because they learned about the garlic.
Keiner lässt sich gern bescheißen.,Nobody likes to be cheated.
Ich war beeindruckt von der Auswahl dieses Jahr.,I was impressed with the selection this year.
Konntest vor Tatendrang nicht mehr schlafen?,Couldn't sleep because you were so busy?
"Ich würde sogar annehmen, dass manche Vögel das mit Absicht tun.",I would even assume that some birds do this on purpose.
"Ich finde es nur seltsam, dass du so was für dich behältst.",I just find it strange that you keep things like that to yourself.
"Voll Grässlicher Geräusche, die sie alphabetisch ordnen muss wie Akten.",Full of horrible noises that she has to sort alphabetically like files.  files in an officie
wieso durchwühlt du meinen Kram?,Why are you going through my stuff?  why are you rummaging through my stuff?
"Hätte ich angerufen, war ich abgelenkt gewesen.","If I had called, I would have been distracted."
"Die Stühle stehen dicht beieinander, deshalb wahrscheinlich mein Fehler.","The chairs are close together, so that's probably my mistake."
Damit könnte man jemandem das Auge ausstechen oder Schnittwunden zufügen.,It could be used to gouge out someone's eye or cause cuts.
darfst du sie nur noch in Gegenwart eines Erwachsenen sehen.,you may only see her in the presence of an adult.
Soll ich dich einweisen oder gehst du freiwillig in die Klapsmühle?,Should I commit you or are you going to the nuthouse voluntarily?
"Also vorher erschien es nur leicht ausgefranst, jetzt erkennt man, es ist tatsächlich richtig kaputtgerissen.","Well, before it only appeared slightly frayed, but now you can see that it is actually really torn.  (harry's shirt)"
stellt er sich ziemlich ungeschickt damit an und er kriegt keinen einzigen Bacon auf den Teller gelegt.,he is doing it quite clumsyly and does not get a single piece of bacon put on the plate.  (They fall on the pan again)
"Sie ist also in der Lage, sich diese Dinge zu leisten, aber ein schlichtes, nicht zerrissenes Hemd für ihren Neffen Harry ist anscheinden gar nicht drin.","So she is able to afford these things, but a plain, untorn shirt for her nephew Harry is apparently out of the question."
du hast ihn doch selbst eingestellt und ausgebildet.,you hired and trained him yourself.
das ist doch der Abfall.,that is the garbage.
"Erst, wenn nichts Nützliches mehr weggeworfen wird.",I will when people stop throwing away useful stuff.  Only when nothing useful is thrown away anymore.
"Doch wenn ich selbst rangegangen bin, hast du aufgelegt.","But when I answered the phone myself, you hung up.  If I happened to pick up, you'd hang up."
Wir haben schon was vor.,We already have plans.
Dein Vater und ich verreisen danach.,Your father and I are going away afterwards.
"Alles, was sie gerade im Unterricht sagte, klang unanständig.",Everything she said in class sounded indecent.  indecent = dirty
Sitzt der nicht hinter Gittern?,Isn't he behind bars?
Ich habe dich erschaffen.,I created you.
Ich muss das erst verdauen.,I have to digest this first.
"Du gönnst uns Rory kein bisschen, nicht mal, wenn es ihre eigene Entscheidung ist.","You don't give us Rory one bit, even when it's her own decision.  You can't even let rory have one piece of our lives"
"vom Verstand her weiß ich, es kommt nicht drauf an, wo du mal studierst.","Intellectually, I know that it doesn't matter where you study."
"Ich muss mich nicht mehr beherrschen, wenn du aufkreuzt.",I don't have to control myself anymore when you show up.
"Außerdem weiß ich schon, was ich gerne machen würde.","Besides, I already know what I would like to do."
Entwickle einen Abwehrmechanismus im Umgang mit ihr.,Develop a defense mechanism to deal with it.
"Wenn du früher gesagt hättest, dass die Couch, die ich ausgesucht und uber 8 Monate abgezahlt habe, furchtbar ist, ware ich verletzt gewesen.","If you had told me earlier that the couch I picked out and paid off over 8 months was terrible, I would have been hurt."
Es bereitet mir heute sogar ein bisschen Vergnügen.,Today I even find it a little bit of pleasure.
"Wann hab ich sonst Gelegenheit, den Laufburschen zu spielen?",When else do I have the opportunity to play the errand boy?
"Ich wollte mich erkundigen, ob das Essen gemundet hat.",I wanted to ask if you enjoyed the food.
"Wir gucken einfach zu, wie der Schnee rieselt.",We just watch the snow falling.  Let's just watch the snow falling.
Das hat er absichtlich geplant.,He planned this on purpose.
"Sie erfüllte ihre Aufgaben nicht so, wie ich es von ihr verlangte.",She did not perform her duties as I expected.
Ich zerquetsche dir den Schädel.,I'll crush your skull.
"Geh am Rand des Fußweges, dann hast du genug Platz.",Walk along the edge of the sidewalk so you have enough space.
Das alles wurde sorgfältig geprüft vom hiesigen Magistrat.,All this was carefully examined by the local magistrate.
Zu Anfang des Schuljahres sind wir als Schülervertreter vereidigt worden.,At the beginning of the school year we were sworn in as student representatives.
"Daher stimmt es mich traurig, euch sagen zu müssen, dass eine von uns diesen Eid verraten hat.","Therefore, it saddens me to tell you that one of us has betrayed that oath."
"Ich muss nur bezeugen dass Sie unterschrieben haben, Reine Formalität.","I just have to testify that you signed, purely a formality. I just have to witness you sign, it's just a formality."
das gute Zeug hab ich hier gebunkert.,I have the good stuff stored here
"Wir haben einen leichten Schlaf, neigen zu Alpträumen",We have some who sleep lightly and others are prone to nightmares  We sleep lightly and are prone to nightmares;
"Als du weggingst, saß ich dort allein, und jetzt guck, wer jetzt da ist.","When you left, I was sitting there alone, and now look who's here."
"iss nicht so schnell, und kau bitte anständig","Don't eat so fast, and please chew properly"
"Ihr schlingt das Essen runter, wollt vor dem Dessert weg, John pruft daurend ihre Nachrichten.","You devour down your food, wanting to leave before dessert, John constantly checking his messages."
Und dann fiel mein Blick auf die Tastatur. Ich sah die Haare und den ganzen Staub zwischen den Tasten.,And then my eyes fell on the keyboard. I saw the hair and all the dust between the keys.
"ich sage dir, es war auf eine merkwürdige Art befriedigend.","I tell you, it was strangely satisfying."
Er wollte viel zu viel Kohle für den Stoff.,He wanted way too much money for the material.  He was over chrarging for it.
Keiner trug Buttons oder blode Wimpel. Hat keinen interessiert.,Nobody wore buttons or stupid pennants. Nobody cared.  pennants= flag or banner
"Ich dachte, Lorelai kann ihn aushängen, falls ein paar andere Hotelgäste uns vielleichtt begleiten möchten.",I thought Lorelai could put it up in case some other hotel guests might want to join us.
"Heute Morgen verkündet sie, dass sie ihre verbitterten Klatschtanten abends zu uns eingeladen hat.",This morning she announced that she had invited her bitter gossips to our house that evening.
Wo sollen die Dinger hin? Stell den Karton da rauf.,Where should these things go? Put the box on top of it.  justt on the counter's fine.
Ein Bündnis zwischen ihnen konnte unbequem für mich sein.,An alliance between them could be uncomfortable for me.
Sollen wir deine Beerdigung planen?,Should we plan your funeral?
"Wenn du mich anschreist, geht's auch nicht schneller.","If you shout at me, it won't go any faster."
Harvard hat wohl bei weitem die kleinsten Klassenstärken.,Harvard probably has by far the smallest class sizes.
"Die t-shirts fliegen zuerst, damit du weich landest.",The t-shirts fly first so that you land softly.
"Schrecklich, dass du dich so quälst und nicht mehr aufstehst.",It's terrible that you're suffering like this and can't get up anymore.
"Ich will, dass der Schornstein gefegt wird.",I want the chimney swept.
ich lass mir das mal durch den Kopf gehen und melde mich dann.,I'll think about it and then get back to you.
"Ich hätte dich nie für unaufmerksam gehalten, War ein Irrtum.","I never would have thought you inattentive, it was a mistake.  I never took you for being thoughtless."
Seit wann sind wir so alt und erbärmlich?,Since when are we so old and pathetic?
Einige sind nicht so gierig.,Some are not so greedy.
"Wenn du am Verhungern bist, füll selber nach und greif dir eine Handvoll aus der Tüte.","If you're starving, refill it yourself and grab a handful from the bag."
"Als würdet ihr gleich abgehen wie eine Rakete, an die Spitze der Charts.",Like you're about to take off like a rocket to the top of the charts.
Bedenken Sie die Unannehmlichkeiten auf See,Forget the inconvenience at sea  Consider the inconvenience at the see
"Die Entfernung ist ungefährlich. Je mehr Möbel zwischen uns, desto besser.","The distance is not dangerous. The more furniture between us, the better."
Dürfen wir denn überhaupt hier sein?,Are we even allowed to be here?
Ich habe dich nicht hergebeten,I didn't ask you to come  I didn't invite you here
Es wird nie so sein wie früher. Ein Makel haftet an dem Teil.,It will never be the same as before. There is a flaw in the piece.
"Ich habe Schuldgefühle, weil sie anders Verhalten von mir erwarten.",I feel guilty because they expect different behavior from me.
Willst du mich ins Grab bringen?,Do you want to take me to the grave?
wir wollten nur das Grundstück.,we just wanted the property.
"Alle, die daran teilnehmen möchten, versammeln sich bitte draußen.",Anyone wishing to participate should gather outside.
Ich habe gelogen und dich enttäuscht.,I lied and disappointed you.
"Wärst du mir nicht schuldig gewesen, mich darauf vorzubereiten?",Wouldn't you have owed it to me to prepare for this?  You don't think you owed to tell me?
"Ich muss dir Vernunft in den Schädel prügeln, damit du eine Zukunft hast.",I have to beat some sense into your head so you have a future.
Ich hatte noch nie solche Schmerzen.,I have never had such pain before.
"Toll, wie tapfer ihr seid. Könnt ihr das Zeug wegschaffen?",I'm so glad you're so brave. Can you get rid of this stuff?
In welchem Zustand ist es?,What condition is it in?
Das kann einen auf Trab halten. Der Saal muss ein Jahr vorher reserviert werden.,It's actually been kind of overwhelming. The hall must be reserved a year in advance.  This can keep you busy.
"Die Ironie ist, dass wir durch das Geld von Grandpa kein Recht auf Unterstützung haben, weil es scheint, als hätten wir Gled.",The irony is that Grandpa's money doesn't give us any right to support because it seems like we have money.  took us out of the running for financial aid because it made it look like we have money.
Das Leben aller Leute auf der Welt zog an mir vorbei.,The lives of everyone in the world passed before my eyes.
Ich habe dich immer verteidigt.,I have always defended you.
"Du hast dafür gesorgt, dass ich eine Schwäche für Konsum hab.",You have made me have a weakness for consumption.
"Ist rückwärts vom Grundstück gefahren, als sie auf der Straße war, hat sie den Gang nicht mehr rausgekriegt.",She was backing off the property and when she got to the street she couldn't get the car out of gear.
soll ich diesen verschärften lila Blümchenteppich hinlegen?,should I lay down this intensified purple floral carpet?
"Da schlug ich vor, dass du alles planst. Sie war begeistert von der Idee.",So I suggested that you plan everything. She was excited about the idea.
Russische Wirtschaft ist ätzend.,Russian economics sucks.
"Ich hab erst einen Bewegungsmelder entdeckt. gehen wir dahin, spürt er uns nicht auf und beruhigt sich.","I just discovered a motion detector. If we go there, it doesn't detect us and calms down."
"Ich wies Sie nur auf die Vorschriften hin, die befolgt werden müssen.",I was only pointing out the rules that must be followed.
"Ich habe reichlich nachgeforscht, Referenzen gelesen und noch 3 Innenarchitekten geprüft.","I did a lot of research, read references and checked out 3 more interior designers."
Er schleppt andauernd eine Flasche Wasser mit sich rum.,He always carries a bottle of water around with him.
"Erwartungen zu haben heißt auch, sich auf etwas zu freuen.",Having expectations also means looking forward to something.
es war natürlich eine einprägsame Leseerfahrung. Ich habe dieses Buch uber viele Wochen hingeg gelesen.,It was of course a memorable reading experience. I read this book over many weeks.
Ich kann dich nicht rauslassen,I can't let you out
Ich darf außerhalb der Schule nicht zaubern.,I'm not allowed to do magic outside of school.
Ich darf wohl etwas mehr Dankbarkeit erwarten.,I guess I can expect a little more gratitude.
"Wir haben dich aufgezogen, haben die von unseren Speisen gegeben.",We raised you and gave you our food.
Mit etwas Glück wird das der größte Geschäftsabschluss meiner Karriere.,"With any luck, this will be the biggest deal of my career.  Mit etwas Glück wird das der größte Geschäftsabschluss meiner Karriere."
Es gibt eine gemeine Verschwörung. Furchtbare Dinge werden passieren,There is a nasty conspiracy. Terrible things will happen
Geh lieber ein Stück weg,Better go a little way away
Die Betten sind verwaist. Nirgendwo ein Zettel. Das Auto ist weg.,The beds are deserted. There is no note anywhere. The car is gone.
Er wär fast verhungert. Und vor seinem Fenster waren Gitter.,He almost starved to death. And there were bars on his window.
Das geht einem voll auf den Geist.,This really gets on one's nerves.
"Hast du dich verlaufen, Schätzchen?","Are you lost, honey?"
Die ruinieren mir noch den ganzen Kohl im Schulgarten.,They're going to ruin all the cabbage in my school garden.
Welch außergewöhnlicher Augenblick,What an extraordinary moment
Das muss dir doch gefallen haben,You must have liked that
"Du bist offenbar sehr mutig, seinen Namen zu nennen.",You are obviously very brave to mention his name.
"Ich hoffe, dass Sie die Überstunden bezahlt bekommen.",I hope you get paid for the overtime.
Unsere Vorstellungen diesbezüglich gehen weit auseinander,Our ideas on this matter differ widely
Aus irgendeinem Grund hat sich das Tor verschlossen.,For some reason the gate is locked.
Immerhin war's nicht dein Genick,At least it wasn't your neck
Seht euch ruhig richtig um,Take a good look around
Dieser Baum stand dort bereits vor eurer Geburt.,This tree was there before you were born.
"ich muss Ihnen bewusst machen, dass Ihr Handeln ein Fehler war.",I must make you aware that your actions were a mistake.
Womöglich begegnet ihr in diesem Raum eurem gefürchtetsten Albtraum.,You may encounter your most feared nightmare in this room.
"Wisset jedoch, dass euch keinerlei Unbill droht, solange ich hier bin.",But know that no harm will come to you as long as I am here.
Alle werden augenblicklich die Schläfsale aufsuchen.,Everyone will immediately go to their dormitories.
es sind ausgesprochen verdächtige Umstände,there are extremely suspicious circumstances
Angesichts der bedrohlichen Vorfälle der vergangenen Wochen...,In view of the threatening incidents of the past weeks...
Wir verwandeln uns nach genau 1 Stunde wieder zurück.,We transform back after exactly 1 hour.
Sie beide müssen sich unbedingt etwas ansehen.,There's something you both really need to see.
Wegen der aktuellen Ereignisse treten folgende Regeln ab sofort in Kraft,"Due to current events, the following rules come into force with immediate effect"
"Es ist von den Schulraten beschlossen worden, Ihr Amt neu zu vergeben.",The school board has decided to reassign your position.
"Fällt dir ein Zauber ein? Nur einer, und der ist zu schwach. Dafür sind es zu viele.","Can you think of a spell? Only one, and it's too weak. There are too many."
Verabschieden Sie sich von Ihrem Erinnerungsvermögen.,Say goodbye to your memory.
Dieser Ort ist absonderlich,This place is strange
"ist meine Vergangenheit, Gegenwart und Zukunft.","is my past, present and future."
"Ich bin gewesen. Aber ich schwöre dir, ich wollte das nicht.","I was. But I swear to you, I didn't mean to do that."
"Und dass wir genügend Beweise haben, um euch rauszuwerfen?",And that we have enough evidence to throw you out?
Ich übernehme die Leitung der Veranstaltung und moderiere.,I will take charge of the event and moderate it.
"Hab dich mit einem Nilpferd verglichen, nicht als eins bezeichnet.","I compared you to a hippopotamus, not called you one."
Du findest die Aufführung schlecht.,You think the performance is bad.
Ich bin schon oft geschlagen worden.,I have been beaten many times.
"Vortrefflich. Ich hasse dieses windelweiche Wischiwaschi, jemanden nicht zu verprügeln, wenn er es doch verdient.",Excellent. I hate this wishy-washy nonsense about not beating someone up when they deserve it.
"Aber macht euch keine Vorwürfe, weil der so geworden ist.",But don't blame yourself for how it turned out.
Es war nicht mit Absicht.,It wasn't intentional.
Er war ein überzeugter Gefolgsmann von Du weißt schon wen,He was a convinced follower of you know who
Die Abteilung für die Umkehr verunglückter Zauberei wurde alarmiert,The Department for the Reversal of Unsuccessful Magic was alerted
Dir droht keine Gefahr.,You are in no danger.
Ich hab das noch keinem gezeigt,I haven't shown this to anyone yet
Aber er ist seinem Herrn ein ergebener Diener geblieben.,But he remained a devoted servant to his master.
Du bist ohnmächtig geworden?,You fainted?
Deshalb kann ich bloß jeden Einzelnen von euch beschworen:,"Therefore, I can only implore each and every one of you:"
"Gebt ihnen bitte keinen Anlass, euch Schaden zuzufügen.",Please do not give them any reason to harm you.
Hier bekommt ihr eine Einführung in die ehrwürdige Kunst des Wahrsagens,Here you will get an introduction to the venerable art of fortune telling
"Die Wahrheit ist wie ein Satz, der darauf wartet, gelesen zu werden.",The truth is like a sentence waiting to be read.
Es geht bergab mit unserer Schule.,Things are going downhill at our school.
Reiß ihm bloß keine Federn aus. Das könnte er dir ubel nehmen,Just don't pluck out his feathers. He might take offense
"Einmal hat er die schon abgehängt. Wer sagt, dass er es nicht wieder tut?",He's already taken them down once. Who's to say he won't do it again?
"Sie nehmen die Gestalt von dem an, was ihr Opfer am meisten fürchtet.",They take the form of what their victim fears most.
Sie hat fürchterlich gesungen.,She sang terribly.
"Dem Betreffenden bleibt nichts, bis auf seine schlimmsten Erfahrungen",The person concerned is left with nothing except his worst experiences
"Erst haben die vom Ausschuss ewig darüber geschwafelt, aus welchem Grund wir da sind.","First, the committee babbled on and on about why we were there.  First, the committee talked forever about why we were there."
Ich werde es dennoch auf etwaige verborgene Eigenschaften überprüfen.,I will still check it for any hidden features.
"Wie die Bücher, an welchem du so verzweifelt klebst.",Like the books you cling to so desperately.
"Er liebt den Geruch der Bäume, wenn der Wind durch sie durchweht.",He loves the smell of the trees when the wind blows through them.
Wo der Gang wohl hinführt?,I wonder where the corridor leads?
Du hast Verstand eingesetzt und bist zum falschen Schluss gelangt.,You used your reason and came to the wrong conclusion.
Allein ihn mit anzusehen soll einen beinah um den Verstand bringen.,Just watching it is enough to drive you crazy.
"Ich verstehe, wenn du es vorziehst, bei deinen Verwandten zu wohnen.",I understand if you prefer to live with your relatives.
Sie saugen die Seele aus ihm raus.,They suck the soul out of him.
"Andernfalls waren die Folgen zu schrecklich, um sie sich auszumalen.","Otherwise, the consequences were too terrible to imagine."
So sieht meine Frisur von hinten aus?,This is what my hairstyle looks like from behind?
Irgendjemand hat wohl etwas über meinen Zustand ausgeplaudert.,Someone must have let slip something about my condition.
Es war schlampig verpackt. Und die haben mich gezwungen.,It was sloppily packaged. And they forced me.
"eines Tages finde ich meinen Stolz wieder und höre auf, dir nachzulaufen.",one day I will find my pride again and stop chasing you.
Und wieder stehen alle an. Es ist immer dasselbe.,And everyone is queuing again. It's always the same.
"Ich biete es einfach Kunden an, die ich nicht leiden kann.",I just offer it to customers I don't like.
Er ist äußerst gut erzogen.,He is extremely well behaved.
Ihr wurdet am Schauplatz des Verbrechens ertappt.,You were caught at the scene of the crime.
Landebahn freimachen,clear the runway
"Da wir uns alle niedergelassen haben, möchte ich eine Ankündigung machen.","Now that we're all settled in, I'd like to make an announcement."
Er ist gemein und grausam.,He is mean and cruel.
"Daher erwarte ich, dass sich jeder bemüht, Fehltritte zu vermeiden.","Therefore, I expect everyone to make an effort to avoid missteps."
"Wenn das so weiterläuft, bleiben wir als Einzige ohne Verabredungen.","If things continue like this, we will be the only ones without appointments.  dates"
"Pass auf der Treppe auf, die ist oben ein bisschen vereist.","Be careful on the stairs, they are a bit icy at the top."
"Genauer gesagt, er hat sie fast angebrüllt.","To be more precise, he almost yelled at her."
"Erstaunlich, was ein paar Tropfen von deinem Blut ausrichten, was?","Amazing what a few drops of your blood can do, isn't it?"
Habt ihr mal wieder einen 10 Jährigen verhauen?,Did you beat up a 10 year old again?
Wenigstens hab ich keine Angst vor meinem Kissen.,At least I'm not afraid of my pillow.
Sind wir jetzt endlich zufrieden?,Are we finally satisfied now?
Deinetwegen ist er übergeschnappt.,Because of you he went crazy.
"Nur weil ihr jetzt die Erlaubnis habt, zu zaubern, müsst ihr nicht automatisch von morgens bis abends mit dem Zauberstab rumwedeln.",Just because you now have permission to do magic doesn't mean you automatically have to wave your magic wand around from morning to night.
"Aber ich habe vollstes Vertrauen, Minister, dass Sie das Richtige tun.","But I have complete confidence, Minister, that you are doing the right thing."
"Sprich während der Anhörung bloß, wenn du dazu aufgefordert wirst.","During the hearing, speak only when requested to do so."
"lassen Sie Vernunft walten, ich flehe Sie an.","Use your common sense, I beg you."
"so lange, wie es dauert, die Botschaft zu verinnerlichen.",as long as it takes to internalize the message.
Dummerweise sind all meine Schuhe auf geheimnisvolle Art verschwunden.,"Unfortunately, all my shoes have mysteriously disappeared."
Sie hat uns sämtliches Zaubern streng verboten.,She has strictly forbidden us from doing any magic.
"ist doch irgendwie aufregend, sämtliche Regeln zu brechen.",It's kind of exciting to break all the rules.
"Noch ist unklar, ob er sich dieser Verbindung bewusst ist oder nicht.",It is still unclear whether he is aware of this connection or not.
Ich supre neuerdings andauernd so einen Zorn in mir.,Lately I've been feeling such anger inside me all the time.
"Etwas, aus dass sich das Kämpfen lohnt.",Something worth fighting for.
"Ich kann das Kabel rausziehen, aber dann fange ich wieder von vorn an.","I can unplug the cable, but then I have to start all over again."
"Und zwar nicht unter das Wasserglas, da du das nicht magst, und nicht beim Sirup, da es klebrig wird.","And not under the water glass, because you don't like that, and not with the syrup, because it becomes sticky."
Wieso rennst du die Straße lang und schreist?,Why are you running down the street and screaming?
du bist anstrengend.,you are exhausting.
Ich will was notariell beglaubigen lassen.,I want to have something notarized.  I need to get something notarized.
Dein Daumen ist schwarz.,Your thumb is black.
"Ich bezweifle nicht, dass es übel war.",I have no doubt that it was bad.
Ich bin gerne in Zügen unterwegs.,I enjoy traveling by train.
Ist eine super Ablenkung.,It's a great distraction.
Noch dazu ausgesprochen erfolgreich,And extremely successful
du bist als Sessel schon sehr überzeugend.,you are already very convincing as an armchair.
Was hat mich verraten?,What gave me away?
Also bleibe ich nirgends länger als eine Woche.,So I don't stay anywhere for longer than a week.
"Umso beeindruckender, wenn man sich vor Augen führt, dass sie Muggelblut hatte.",All the more impressive when you consider that she had Muggle blood.
"Du bist mächtig, du bist begabt und berühmt.","You are powerful, you are talented and famous."
"Sie war wahrhaftig ausgesprochen hübsch, die Kleine.","She was truly very pretty, the little one."
"Wieso hast du uns nicht früher gesagt, dass du kommst?",Why didn't you tell us earlier that you were coming?
"Ein Schlückchen und man stellt fest, dass alles was man sich vornimmt, gelingt.",One sip and you realize that everything you set out to do will work out.
"Ich glaube, dass er meine Fähigkeiten überschätzt",I think he overestimates my abilities
"Und was machst du so, wenn du keinen Unterricht hast?",And what do you do when you don't have classes?
Es fühlt sich genauso an.,It feels the same.
"Was kann ich dafür, dass sie so schräg drauf ist? Was soll ich dir sagen.",What can I do if she's so weird? What can I tell you.
Es kümmert mich nicht im Geringsten,I don't care in the slightest
"Jetzt war ich gezwungen, angesichts der Umstände, umzuplanen.","Now, given the circumstances, I was forced to re-plan."
"Ich dachte nur, da unsere Wunschpartner als Begleitung nicht zur Verfügung stehen, könnten wir ja zusammen gehen.","I just thought that since our desired companions are not available, we could go together."
Darauf hatte ich auch kommen können.,I could have thought of that too.
Mit wem gehst du denn?,Who are you going with?
"Sie will nur was von dir, weil sie denkt, du wärst der Auserwählte",She only wants something from you because she thinks you are the chosen one
"Davon abgesehen, will ich bloß eine Nachricht übermitteln.","Other than that, I just want to convey a message."
"Er lässt herzlich grüßen und hofft, Sie mögen Ihre Ferien genießen.",He sends his warmest regards and hopes you enjoy your holidays.
Ich habe den unbrechbaren Schwur geleistet.,I have taken the unbreakable oath.
"Wenn wir anfangen, uns zu entzweien, sind wir verloren.","When we begin to divide, we are lost."
Sein Zustand macht es ihm nicht leicht.,His condition does not make it easy for him.
Noch einmal jung sein und der frischen Liebe Leid erdulden.,To be young again and endure the pain of new love.
Das wurde aber auch Zeit. Findest du nicht?,"It was about time, don't you think?"
Sie scheint nur irgendwie sauer zu sein.,She just seems kind of mad.
"Das kann auch hier drin bleiben, wenn du willst.",This can stay here if you want.
Und noch schwerer zu zerstören.,And even harder to destroy.
"Aber wie spürt man sie auf? Sie konnten überall versteckt sein, oder?","But how do you track them down? They could be hidden anywhere, right?"
Sie haben zugestimmt. Jede Diskussion erübrigt sich.,You have agreed. Any discussion is unnecessary.
"Du musst jeder Anweisung, die ich dir gebe, ohne zu fragen, Folge leisten.",You must obey every order I give you without question.
"ich zu sein, hat seine Vorteile",Being me has its advantages
Schließlich krochen ihre Strahlen ins Wohnzimmer,"Finally, their rays crept into the living room"
"Nur die Fotos auf dem Kaminsims führten einem vor Augen, wie viel Zeit verstrichen war.",Only the photographs on the mantelpiece reminded one of how much time had passed.
Seine Tante Petunia war schon wach und ihre schrille Stimme durchbrach die morgendliche Stille,His Aunt Petunia was already awake and her shrill voice broke the morning silence
Mit einem Schlag war Harry hellwach.,Suddenly Harry was wide awake.
Noch einmal trommelte seine Tante gegen die Tür.,His aunt banged on the door again.
"Er drehte sich auf den Rücken und versuchte sich an den Traum zu erinnern, den er gerade noch geträumt hatte.",He turned onto his back and tried to remember the dream he had just had.
"Unter seinem Bett fand er ein Paar, zupfte eine Spinne davon weg und zog sie an.","He found a pair under his bed, plucked a spider off them and put them on."
"Er trug eine Brille mit runden Gläsern, die, weil Dudley ihn auf die Nase geschlagen hatte, mit viel Klebeband zusammengehalten wurden",He wore glasses with round lenses that were held together with a lot of tape because Dudley had hit him on the nose
"Harry musste öfter beim Friseur gewesen sein als alle Jungen seiner Klasse zusammen, doch es half nichts.","Harry must have been to the hairdresser more often than all the boys in his class combined, but it didn't help."
Onkel Vernon knallte beinahe in den Vordermann.,Uncle Vernon almost crashed into the car in front of him.
"Wieder stieß die Schlange mit dem Schwanz gegen das Schild, und Harry las weiter:",Again the snake hit the sign with its tail and Harry continued reading:
Harry setzte sich auf und nun stockte ihm der Atem,Harry sat up and his breath caught
Die große Schlange entrollte sich im Nu und schlängelte sich heraus auf den Boden.,The large snake uncoiled itself in an instant and slithered out onto the ground.
"»Aber das Glas«, murmelte er ständig vor sich hin, »was ist aus dem Glas geworden?","»But the glass,« he kept muttering to himself, »what happened to the glass?"
"Er wusste nicht, wie spät es war, und er war sich nicht sicher, ob die Dursleys schon schliefen.","He didn't know what time it was, and he wasn't sure if the Dursleys were already asleep."
"Manchmal, wenn er sich während der langen Stunden im Schrank ganz angestrengt zu erinnern suchte, tauchte eine unheimliches Bild vor seinen Augen auf","Sometimes, when he tried very hard to remember during the long hours in the closet, an eerie image appeared before his eyes"
"Ein andermal hatte ihm eine wild aussehende, ganz in Grün gekleidete alte Frau im Bus fröhlich zugewinkt","Another time, a wild-looking old woman dressed entirely in green had waved happily at him on the bus"
"Als er den Schrank wieder verlassen durfte, hatten die Sommerferien begonnen","When he was allowed to leave the closet again, the summer holidays had begun"
Dudley hatte seine neue Videokamera schon längst zertrümmert und sein ferngesteuertes Flugzeug zu Bruch geflogen,Dudley had long since smashed his new video camera and crashed his remote-controlled plane
"Das bezweifelte Harry ernsthaft, er hielt es aber für besser, ihr nicht zu widersprechen","Harry seriously doubted that, but he thought it was better not to contradict her"
"Harry wich dem Stock aus und ging hinaus, um die Post zu holen.",Harry dodged the stick and went out to get the mail.
Harry hob ihn auf und starrte auf den Umschlag. Sein Herz schwirrte wie ein riesiges Gummiband,Harry picked it up and stared at the envelope. His heart was pounding like a giant rubber band
"Dick und schwer war der Umschlag, aus gelblichem Pergament, und die Adresse war mit smaragdgrüner Tinte geschrieben.","The envelope was thick and heavy, made of yellowish parchment, and the address was written in emerald green ink."
Eine Briefmarke war nicht draufgeklebt.,There was no stamp on it.
"ein Löwe, ein Adler, ein Dachs und eine Schlange, die einen Kreis um den Buchstaben »H« schlossen.","a lion, an eagle, a badger and a snake forming a circle around the letter ""H"""
"Harry kam in die Küche zurück, den Blick unverwandt auf den Brief gerichtet","Harry returned to the kitchen, his eyes fixed on the letter"
"Er reichte Onkel Vernon die Rechnung und die Postkarte, setzte sich und begann langsam den gelben Umschlag zu öffnen.","He handed Uncle Vernon the bill and the postcard, sat down and slowly began to open the yellow envelope."
"Dies sind dunkle Zeiten, es lässt sich nicht leugnen.","These are dark times, there is no denying it."
Unsere Welt war vermutlich noch nie einer größeren Bedrohung ausgesetzt als heute.,Our world has probably never been faced with a greater threat than today.
Aber ich richte diese deutlichen Worte an alle Bürger.,But I address these clear words to all citizens.
"Wir, die wir Ihnen immer dienen, werden nicht aufhören, Ihre Freiheit zu verteidigen und jene Mächte abzuwehren, die danach trachten, sie Ihnen zu nehmen.","We, who always serve you, will not stop defending your freedom and repelling those powers that seek to take it away from you."
Weil wir hier nicht mehr sicher sind,Because we are no longer safe here
Du wirst dich als überaus nutzbringend erweisen.,You will prove to be extremely useful.
Wo wird denn Potter hingebracht?,Where is Potter being taken?
"es werden sämtliche Schutzmaßnahmen ergriffen, die es gibt.",all possible protective measures are taken.
"Dort angelangt, ist es praktisch unmöglich, ihn anzugreifen.","Once there, it is virtually impossible to attack him."
Du bist noch nicht volljährig.,You are not yet of legal age.
"Ein Glück, dass ihr wohlauf seid",Glad you are well
Auf eine Hochzeit nehme ich keine Rücksicht.,I don't care about a wedding.
Damit täten wir ihm bloß einen Gefallen.,We would only be doing him a favor.
Ziehst du mir bitte den Reißverschluss hoch?,Can you please zip me up?
"In der Hoffnung, sie möge sie unterhaltend und lehrreich finden.",Hoping you will find it entertaining and educational.
Dumbledore hat Ihnen darüber hinaus ein zweites Stück vermacht.,Dumbledore has also left you a second piece.
Ich hab dich wohl gerade aus einem Gedanken gerissen.,I think I just interrupted your thoughts.
"Ich fand den Nachruf, den Sie geschrieben haben, sehr bewegend.",I found the obituary you wrote very moving.
"Aber ich hab mir, ehrlich gesagt, auch schon überlegt, das wir nicht drum herumkommen, da hinzugehen.","But to be honest, I've already thought that we can't avoid going there."
Dass ich Ihnen bei Ihrem ersten Besuch bei Gringotts Ihr Verlies gezeigt habe?,That I showed you your vault on your first visit to Gringotts?
Selbst bei den Kobolden sind Sie berühmt,Even among the goblins you are famous
Sie sind ein äußerst absonderlicher Zauberer.,You are a very strange wizard.
Es wurde in diesem Sommer dort hinterlegt.,It was deposited there this summer.
Die Nachbildung wirkt täuschend echt,The replica looks deceptively real
"Wir müssen wissen, ob man ihn gefahrlos benutzen kann",We need to know whether it is safe to use
"Ich spüre, dass er seine Gefolgschaft gewechselt hat.","I sense that he has changed his allegiance.  Gefolgschaft  -  Noun  followingFolgende, Anschluss, Anlehnung, Befolgung, Einhaltung, Gefolgschaft       allegianceTreue, Gefolgschaft"
Er hat mich gefoltert.,He tortured me.
"Abgesehen davon, habe ich bloß Gerüchte weitergegeben.","Other than that, I was just spreading rumors."
"Jeder, der das Gegenteil behauptet, macht sich was vor.",Anyone who claims otherwise is deluding themselves.
"Er hat darauf vertraut, dass ich das zu Ende führe.",He trusted me to finish it.
"Also, antworte endlich. Es muss eine triftigen Grund geben.","So, finally answer. There must be a good reason."
"Andere werden ihm erzählen, wofür seine Mutter und sein Vater gestorben sind.",Others will tell him what his mother and father died for.
"Prompt lieferten sich Harry und Dudley einen erbitterten, aber stummen Kampf darum, wer am Schlüsselloch lauschen durfte",Harry and Dudley promptly engaged in a bitter but silent battle over who was allowed to listen at the keyhole.
Harry konnte Onkel Vernons glänzende schwarze Schuhe die Küche auf und ab schreiten sehen.,Harry could see Uncle Vernon's shiny black shoes pacing up and down the kitchen.
Ich erzähle dir künftig mehr von mir. Versprochen.,I'll tell you more about myself in the future. I promise.
"Wie wir hintereinander hergelaufen sind, richtig gut!",The way we ran after each other was really good!
"dann sollten wir überlegen, wann?",then we should consider when?
Die Gewitterwolke. Ich spür die Tropfen.,The storm cloud. I feel the drops.
"Deswegen kam es zu Bauernaufständen, deswegen müssten Köpfe rollen","That is why peasant uprisings occurred, that is why heads must roll"
"bitte sei vorsichtig, was den Alkoholkonsum angeht.",please be careful about alcohol consumption.
So solide wird heute nicht mehr gebaut,Buildings are no longer as solid as this today
Sie haben sich kürzlich scheiden lassen?,Have you recently gotten divorced?
Harry seufzte und streckte sich auf dem Bett aus.,Harry sighed and stretched out on the bed.
Onkel Vernon und Tante Petunia sahen sich unablässig mit düsterer Miene an.,Uncle Vernon and Aunt Petunia kept looking at each other with grim expressions.
Harry brachte ihn rasch zum Verstummen und zog sich leise an.,Harry quickly silenced him and quietly got dressed.
Er würde an der Ecke des Ligusterwegs auf den Postboten warten und sich die Briefe für Nummer 4 gleich geben lassen.,He would wait for the postman at the corner of Privet Drive and have the letters for number 4 given to him straight away.
"er war auf etwas Großes und Matschiges getreten, das auf der Türmatte lag etwas Lebendiges!","he had stepped on something big and muddy, which was lying on the doormat - something alive!"
"Er versuchte ruhig zu sprechen, zog Jedoch gleichzeitig große Haarbüschel aus seinem Schnurrbart","He tried to speak calmly, but at the same time pulled large tufts of hair from his moustache"
Hin und wieder machte Onkel Vernon scharf kehrt und fuhr dann eine Weile in die entgegengesetzte Richtung,Every now and then Uncle Vernon would make a sharp turn and drive in the opposite direction for a while.
Wir wechselten den Lieferanten. Ich entdeckte eine neue Sorte.,We changed suppliers. I discovered a new variety.
"Du gießt den abgestandenen, alten Kaffee von Fremden in deine Tasse und jetzt willst du ihn auch noch trinken.","You pour strangers' stale, old coffee into your cup and now you want to drink it."
"warum bereuen es so viele Menschen, Kinder bekommen zu haben?",Why do so many people regret having children?
in dir wächst die Erwartungshaltung beim Lauf dieselben Glücksgefühle zu verspüren,the expectation grows within you to feel the same feelings of happiness while running
"Eiin starkes Bedürfnis heists nicht, dass es langfristig etwas für dich ist.",A strong need does not mean that it is something for you in the long term.